Title,Description,Year,Images,URL
N/A,,,[],N/A
N/A,,,[],N/A
N/A,,,[],N/A
N/A,,,[],N/A
N/A,,,[],N/A
N/A,,,[],N/A
N/A,,,[],N/A
N/A,,,[],N/A
N/A,,,[],N/A
N/A,,,[],N/A
N/A,,,[],N/A
N/A,,,[],N/A
N/A,,,[],N/A
N/A,,,[],N/A
N/A,,,[],N/A
N/A,,,[],N/A
N/A,,,[],N/A
N/A,,,[],N/A
N/A,,,[],N/A
N/A,,,[],N/A
N/A,,,[],N/A
N/A,,,[],N/A
N/A,,,[],N/A
N/A,,,[],N/A
N/A,,,[],N/A
N/A,,,[],N/A
N/A,,,[],N/A
N/A,,,[],N/A
N/A,,,[],N/A
N/A,,,[],N/A
N/A,,,[],N/A
N/A,,,[],N/A
N/A,,,[],N/A
N/A,,,[],N/A
N/A,,,[],N/A
N/A,,,[],N/A
N/A,,,[],N/A
N/A,,,[],N/A
N/A,,,[],N/A
N/A,,,[],N/A
N/A,,,[],N/A
N/A,,,[],N/A
N/A,,,[],N/A
N/A,,,[],N/A
N/A,,,[],N/A
N/A,,,[],N/A
N/A,,,[],N/A
N/A,,,[],N/A
N/A,,,[],N/A
N/A,,,[],N/A
N/A,,,[],N/A
N/A,,,[],N/A
N/A,,,[],N/A
N/A,,,[],N/A
N/A,,,[],N/A
